,City,Lat,Lng,Max Temp,Humidity,Cloudiness,Wind Speed,Country,Date
0,Mahajanga,-15.7167,46.3167,84.2,84,20,3.44,MG,1617600771
1,Puerto Ayora,-0.7393,-90.3518,75.99,95,44,1.12,EC,1617600771
2,Jamestown,42.097,-79.2353,37.4,65,1,4.61,US,1617600772
3,Hermanus,-34.4187,19.2345,63.0,92,99,1.01,ZA,1617600772
4,Sitka,57.0531,-135.33,39.2,93,90,9.22,US,1617600773
5,Pitimbu,-7.4706,-34.8086,77.0,88,0,4.61,BR,1617600773
6,Atuona,-9.8,-139.0333,79.97,80,78,10.54,PF,1617600773
7,Isangel,-19.55,169.2667,80.6,69,40,9.22,VU,1617600774
8,Mitú,1.1983,-70.1733,71.55,99,100,1.54,CO,1617600774
9,Rikitea,-23.1203,-134.9692,78.13,63,37,16.71,PF,1617600775
10,New Norfolk,-42.7826,147.0587,70.0,45,47,4.0,AU,1617600775
11,Mar del Plata,-38.0023,-57.5575,66.99,94,90,3.44,AR,1617600775
12,Talnakh,69.4865,88.3972,14.97,93,100,13.47,RU,1617600776
13,Yantal',56.8471,105.2542,33.93,80,100,3.04,RU,1617600776
14,Saint-Augustin,51.226,-58.6502,34.99,99,100,18.66,CA,1617600777
15,Kargasok,59.0556,80.8572,37.29,82,100,11.1,RU,1617600777
16,Saint George,37.1041,-113.5841,70.0,11,1,2.26,US,1617600778
17,Carnarvon,-24.8667,113.6333,84.2,65,73,18.41,AU,1617600778
18,Hithadhoo,-0.6,73.0833,83.59,74,51,15.75,MV,1617600778
19,Busselton,-33.65,115.3333,84.0,51,2,3.0,AU,1617600779
20,Mataura,-46.1927,168.8643,55.99,62,98,18.01,NZ,1617600779
21,Butaritari,3.0707,172.7902,81.97,80,82,12.75,KI,1617600780
22,Salisbury,51.0693,-1.7957,44.6,87,20,17.27,GB,1617600780
23,Poum,-20.2333,164.0167,79.52,67,77,23.2,NC,1617600780
24,Ribeira Grande,38.5167,-28.7,60.55,83,87,16.28,PT,1617600781
25,Whitehorse,60.7161,-135.0538,37.4,48,90,17.27,CA,1617600601
26,Thompson,55.7435,-97.8558,37.4,41,90,3.44,CA,1617600781
27,Hobart,-42.8794,147.3294,70.0,40,20,8.05,AU,1617600782
28,Mitzic,0.7821,11.549,69.53,97,90,1.21,GA,1617600783
29,Champerico,14.3,-91.9167,66.0,94,82,3.98,GT,1617600783
30,Sur,22.5667,59.5289,90.39,36,6,4.76,OM,1617600783
31,Kirakira,-10.4544,161.9205,82.8,82,99,5.21,SB,1617600784
32,Lebu,-37.6167,-73.65,56.32,81,97,15.05,CL,1617600784
33,Kahului,20.8947,-156.47,71.6,94,40,17.27,US,1617600785
34,Castro,-24.7911,-50.0119,55.26,97,73,6.91,BR,1617600785
35,Shizukuishi,39.6833,140.9833,51.8,62,75,19.57,JP,1617600786
36,Talara,-4.5772,-81.2719,73.51,74,89,5.73,PE,1617600786
37,Chokurdakh,70.6333,147.9167,-8.86,87,8,4.47,RU,1617600786
38,Lüderitz,-26.6481,15.1594,69.57,63,32,14.41,NA,1617600787
39,Bluff,-46.6,168.3333,55.99,62,100,18.01,NZ,1617600787
40,Saskylakh,71.9167,114.0833,1.47,82,3,6.6,RU,1617600787
41,Flinders,-34.5833,150.8552,79.0,73,75,12.66,AU,1617600788
42,Mikhaylovka,50.06,43.2379,36.0,92,100,6.55,RU,1617600788
43,Kandrian,-6.2167,149.55,84.15,73,84,3.09,PG,1617600789
44,Yenagoa,4.9247,6.2642,77.67,90,49,3.02,NG,1617600789
45,‘Āhuimanu,21.4447,-157.8378,73.4,73,90,14.97,US,1617600789
46,Qaanaaq,77.484,-69.3632,-8.95,53,15,10.58,GL,1617600790
47,Tateyama,34.9833,139.8667,57.2,94,75,25.32,JP,1617600790
48,Dunedin,-45.8742,170.5036,57.99,58,83,21.99,NZ,1617600750
49,Terrace Bay,48.7834,-87.1,41.0,52,96,6.91,CA,1617600791
50,Klaksvík,62.2266,-6.589,28.4,74,75,44.87,FO,1617600791
51,Bloomingdale,27.8936,-82.2404,59.0,82,1,6.24,US,1617600792
52,Ponta do Sol,32.6667,-17.1,57.0,63,97,3.0,PT,1617600792
53,Souillac,-20.5167,57.5167,84.2,70,40,14.97,MU,1617600793
54,Kuleshovka,47.078,39.5579,37.99,93,100,11.01,RU,1617600793
55,Barrow,71.2906,-156.7887,-4.0,71,1,11.5,US,1617600602
56,Kaeo,-35.1,173.7833,69.01,69,99,7.0,NZ,1617600794
57,Mazamari,-11.3258,-74.5308,67.35,97,80,1.88,PE,1617600794
58,Ushuaia,-54.8,-68.3,37.4,87,40,18.41,AR,1617600794
59,Tazovsky,67.4667,78.7,32.34,98,100,10.65,RU,1617600795
60,Upernavik,72.7868,-56.1549,-19.07,92,67,8.16,GL,1617600795
61,Nālūt,30.3333,10.85,71.56,15,85,10.0,LY,1617600796
62,Buraidah,26.326,43.975,64.4,32,0,8.05,SA,1617600796
63,Punta Arenas,-53.15,-70.9167,37.4,81,0,10.36,CL,1617600796
64,Mossamedes,-15.1961,12.1522,79.48,78,41,6.64,AO,1617600797
65,Albany,42.6001,-73.9662,46.0,71,27,10.63,US,1617600797
66,Vestmannaeyjar,63.4427,-20.2734,21.07,60,59,23.67,IS,1617600798
67,Hervey Bay,-25.2986,152.8535,73.99,95,100,5.01,AU,1617600798
68,Seybaplaya,19.65,-90.6667,74.93,65,28,11.54,MX,1617600799
69,Prestea,5.4327,-2.1428,75.2,97,84,3.09,GH,1617600799
70,Smidovich,48.6,133.8167,52.45,26,100,9.69,RU,1617600799
71,Ostrovnoy,68.0531,39.5131,33.85,96,99,17.52,RU,1617600800
72,Longyearbyen,78.2186,15.6401,21.2,63,75,27.63,SJ,1617600800
73,George Town,5.4112,100.3354,89.6,66,40,6.91,MY,1617600801
74,Saint-François,46.4154,3.9054,33.01,89,13,3.49,FR,1617600801
75,Tessalit,20.1986,1.0114,76.46,7,91,9.1,ML,1617600802
76,Havelock,34.8791,-76.9013,57.99,66,25,3.0,US,1617600802
77,Burnie,-41.0667,145.9167,63.91,60,0,4.68,AU,1617600750
78,Suez,29.9737,32.5263,67.46,25,0,6.42,EG,1617600802
79,Cape Town,-33.9258,18.4232,63.0,88,20,10.36,ZA,1617600580
80,Parrita,9.5201,-84.3225,69.8,64,0,13.8,CR,1617600803
81,Grindavik,63.8424,-22.4338,19.4,58,75,13.8,IS,1617600803
82,Avarua,-21.2078,-159.775,80.6,89,75,5.75,CK,1617600804
83,Shenjiamen,29.9576,122.298,54.3,60,1,14.41,CN,1617600804
84,Sobolevo,54.4299,31.8996,36.9,61,61,13.27,RU,1617600805
85,Weiser,44.251,-116.9693,57.2,41,1,25.32,US,1617600805
86,Leirvik,59.7798,5.5005,30.0,88,99,10.0,NO,1617600806
87,Snezhnogorsk,69.1933,33.2531,35.6,87,75,8.95,RU,1617600806
88,Angul,20.85,85.1,99.46,23,1,8.75,IN,1617600807
89,Bredasdorp,-34.5322,20.0403,62.6,94,100,9.22,ZA,1617600807
90,Bethanien,-26.502,17.1583,74.26,36,38,1.5,NA,1617600807
91,Grand Gaube,-20.0064,57.6608,84.99,70,5,7.0,MU,1617600808
92,Iqaluit,63.7506,-68.5145,10.4,85,90,18.41,CA,1617600808
93,Mahébourg,-20.4081,57.7,84.2,70,40,14.97,MU,1617600809
94,Pisco,-13.7,-76.2167,68.0,83,0,8.05,PE,1617600809
95,Kapaa,22.0752,-159.319,73.4,64,20,17.27,US,1617600809
96,Rizhao,35.4275,119.4553,57.81,29,78,8.14,CN,1617600800
97,Tommot,58.9564,126.2925,18.16,75,100,8.48,RU,1617600810
98,Tuktoyaktuk,69.4541,-133.0374,5.0,85,75,21.85,CA,1617600810
99,Aktau,43.65,51.2,48.2,87,75,17.9,KZ,1617600811
100,Hilo,19.7297,-155.09,71.6,83,90,3.44,US,1617600462
101,Xai-Xai,-25.0519,33.6442,74.5,67,0,2.26,MZ,1617600811
102,Marsá Maţrūḩ,31.3525,27.2453,64.4,39,0,13.8,EG,1617600812
103,Vila,42.0304,-8.1588,55.99,81,0,4.61,PT,1617600812
104,Acaraú,-2.8856,-40.12,77.02,86,79,10.83,BR,1617600813
105,Tasiilaq,65.6145,-37.6368,19.4,79,90,3.44,GL,1617600813
106,East London,-33.0153,27.9116,66.2,77,40,9.22,ZA,1617600651
107,Roswell,34.0232,-84.3616,52.0,71,1,4.56,US,1617600814
108,Rawson,-43.3002,-65.1023,70.32,42,66,6.78,AR,1617600814
109,Gondanglegi,-7.7479,112.0132,78.66,86,100,6.8,ID,1617600815
110,Alice Springs,-23.7,133.8833,89.01,28,0,9.22,AU,1617600815
111,Nome,64.5011,-165.4064,3.2,60,1,19.57,US,1617600796
112,Ondo,7.1,4.8333,76.17,93,58,2.26,NG,1617600816
113,São Filipe,14.8961,-24.4956,73.27,71,0,7.0,CV,1617600816
114,Severo-Kuril'sk,50.6789,156.125,29.84,76,100,11.63,RU,1617600816
115,Fortuna,40.5982,-124.1573,48.0,93,90,3.44,US,1617600797
116,Sanming,26.2486,117.6186,68.76,75,99,3.31,CN,1617600817
117,Sayansk,54.1088,102.1648,35.04,82,96,1.21,RU,1617600817
118,Norsup,-16.0667,167.3833,80.55,80,24,13.22,VU,1617600818
119,Esperance,-33.8667,121.9,71.6,64,67,11.5,AU,1617600818
120,Moree,-29.4667,149.85,82.4,42,75,6.91,AU,1617600818
121,Tapolca,46.8815,17.4412,37.99,93,6,1.14,HU,1617600819
122,São João da Barra,-21.6403,-41.0511,70.38,88,73,7.7,BR,1617600819
123,Pevek,69.7008,170.3133,-7.53,95,85,2.39,RU,1617600820
124,Ilulissat,69.2167,-51.1,19.4,86,75,17.27,GL,1617600820
125,Tocache,-8.1842,-76.5125,67.55,96,89,0.65,PE,1617600821
126,Christchurch,-43.5333,172.6333,66.99,59,4,8.05,NZ,1617600558
127,Pemba,-12.974,40.5178,78.8,89,75,8.05,MZ,1617600821
128,Fare,-16.7,-151.0167,82.42,74,5,15.82,PF,1617600822
129,Dikson,73.5069,80.5464,13.24,88,100,7.16,RU,1617600822
130,Waverly,42.7392,-84.6208,53.6,47,1,8.05,US,1617600625
131,Boende,-0.2167,20.8667,75.67,82,82,4.97,CD,1617600823
132,Tiarei,-17.5333,-149.3333,84.0,74,75,2.3,PF,1617600823
133,Waipawa,-41.4122,175.5153,66.2,77,13,17.27,NZ,1617600824
134,Vaini,-21.2,-175.2,77.0,78,40,6.91,TO,1617600824
135,Port Elizabeth,-33.918,25.5701,64.4,94,90,5.75,ZA,1617600814
136,Ust-Tsilma,65.441,52.1498,32.68,81,52,7.81,RU,1617600825
137,Khorinsk,52.1657,109.7726,40.73,35,87,14.7,RU,1617600825
138,Provideniya,64.3833,-173.3,6.8,61,0,4.47,RU,1617600825
139,Okhotsk,59.3833,143.3,25.68,86,100,4.07,RU,1617600826
140,Bethel,41.3712,-73.414,50.0,40,1,4.61,US,1617600826
141,Saint-Philippe,-21.3585,55.7679,86.0,74,20,4.61,RE,1617600827
142,Alexandria,31.2156,29.9553,57.2,67,0,2.3,EG,1617600638
143,Saint Paul Harbor,57.79,-152.4072,35.6,51,1,13.8,US,1617600827
144,Zeya,53.75,127.2667,35.73,73,100,2.91,RU,1617600828
145,Saijō,33.9167,133.1833,62.6,48,20,11.5,JP,1617600828
146,Kāzerūn,29.6195,51.6541,67.28,12,0,5.06,IR,1617600828
147,Eirunepé,-6.6603,-69.8736,72.54,99,100,1.43,BR,1617600829
148,Khatanga,71.9667,102.5,4.62,75,7,18.63,RU,1617600829
149,Sovetskiy,61.3614,63.5842,32.38,99,100,1.59,RU,1617600830
150,De Aar,-30.6497,24.0123,66.34,36,0,4.54,ZA,1617600830
151,Lorengau,-2.0226,147.2712,82.27,78,86,3.11,PG,1617600830
152,Torbay,47.6666,-52.7314,39.0,100,90,13.8,CA,1617600831
153,Sioux Lookout,50.1001,-91.917,41.0,60,75,6.91,CA,1617600787
154,Rundu,-17.9333,19.7667,66.47,60,4,4.25,NA,1617600831
155,Husavik,66.0449,-17.3389,19.4,53,90,8.05,IS,1617600832
156,Meadow Lake,34.8014,-106.5436,66.99,20,20,6.91,US,1617600832
157,Lavrentiya,65.5833,-171.0,-7.35,89,13,4.74,RU,1617600833
158,Geraldton,-28.7667,114.6,80.6,57,12,14.97,AU,1617600833
159,Tokmak,47.2514,35.7058,41.09,84,100,5.88,UA,1617600834
160,Chui,-33.6971,-53.4616,66.88,89,0,9.71,UY,1617600834
161,Viranşehir,37.2353,39.7631,57.07,58,2,2.06,TR,1617600835
162,Jumla,29.2747,82.1838,67.98,14,2,7.07,NP,1617600835
163,Nikolskoye,59.7035,30.7861,39.0,70,75,8.95,RU,1617600835
164,Ubatuba,-23.4339,-45.0711,69.49,87,58,3.2,BR,1617600836
165,Taremskoye,55.9289,43.0443,33.8,80,75,8.95,RU,1617600836
166,Nemuro,43.3236,145.575,39.2,60,20,17.27,JP,1617600837
167,Vardø,70.3705,31.1107,35.83,88,96,14.2,NO,1617600837
168,Amuntai,-2.4177,115.2494,86.4,73,81,3.51,ID,1617600837
169,Raudeberg,61.9875,5.1352,34.0,83,100,20.33,NO,1617600838
170,Lagoa,39.05,-27.9833,59.34,86,38,15.01,PT,1617600838
171,Airai,-8.9266,125.4092,65.17,85,100,3.94,TL,1617600839
172,Jacqueville,5.2052,-4.4146,84.2,84,20,9.22,CI,1617600839
173,Terney,45.0503,136.6092,45.82,43,0,10.96,RU,1617600839
174,Ves'yegonsk,58.664,37.2604,34.86,87,65,10.87,RU,1617600840
175,Baker City,44.7749,-117.8344,44.6,61,40,12.66,US,1617600840
176,Nampa,43.5407,-116.5635,57.2,44,1,11.5,US,1617600841
177,The Valley,18.217,-63.0578,77.0,78,20,6.91,AI,1617600841
178,Kaitangata,-46.2817,169.8464,55.99,52,96,15.99,NZ,1617600841
179,Aljezur,37.3191,-8.8033,53.96,82,14,2.68,PT,1617600842
180,Kunashak,55.7032,61.5498,37.4,81,40,17.9,RU,1617600842
181,Anadyr,64.75,177.4833,-0.4,71,0,2.24,RU,1617600843
182,Salalah,17.0151,54.0924,82.4,69,0,3.44,OM,1617600843
183,Barabai,-2.5833,115.3833,86.02,76,80,3.8,ID,1617600843
184,Yellowknife,62.456,-114.3525,8.6,72,40,8.05,CA,1617600844
185,Zhangye,38.9342,100.4517,60.01,20,46,27.92,CN,1617600844
186,Padang,-0.9492,100.3543,86.0,66,20,5.75,ID,1617600845
187,Haimen,23.1935,116.6142,69.8,68,75,4.47,CN,1617600845
188,Cayenne,4.9333,-52.3333,77.0,94,75,3.44,GF,1617600845
189,Vao,-22.6667,167.4833,76.55,68,56,21.52,NC,1617600846
190,Mweka,-4.85,21.5667,71.31,88,100,1.99,CD,1617600846
191,Sonāmura,23.4719,91.2664,86.0,42,1,8.05,IN,1617600847
192,Washington,47.5001,-120.5015,45.0,39,51,11.99,US,1617600608
193,Tiksi,71.6872,128.8694,-3.55,92,65,2.19,RU,1617600847
194,Nouadhibou,20.931,-17.0347,62.6,82,0,14.97,MR,1617600848
195,Panguna,-6.3164,155.4848,73.76,93,100,1.45,PG,1617600848
196,Fairbanks,64.8378,-147.7164,24.01,80,75,26.46,US,1617600604
197,Messina,38.1933,15.5497,57.2,67,40,9.22,IT,1617600849
198,Verāval,20.9,70.3667,86.7,52,0,9.69,IN,1617600849
199,Neryungri,56.6709,124.6491,19.69,93,100,14.18,RU,1617600849
200,San Policarpo,12.1791,125.5072,83.44,63,93,10.78,PH,1617600850
201,Faanui,-16.4833,-151.75,82.81,74,14,16.15,PF,1617600850
202,La Ronge,55.1001,-105.2842,35.6,69,100,6.91,CA,1617600851
203,San Martín,-33.081,-68.4681,69.8,68,0,2.3,AR,1617600851
204,Manicoré,-5.8092,-61.3003,75.2,100,0,1.81,BR,1617600851
205,Santa Isabel Rio Negro,-0.4139,-65.0192,72.79,98,97,1.83,BR,1617600852
206,Hasaki,35.7333,140.8333,52.0,93,75,18.41,JP,1617600852
207,Huilong,31.8111,121.655,62.01,35,17,9.62,CN,1617600853
208,Cidreira,-30.1811,-50.2056,71.55,79,2,16.51,BR,1617600853
209,Deep River,46.1001,-77.4995,42.8,56,1,5.75,CA,1617600853
210,Tautira,-17.7333,-149.15,84.0,74,75,2.3,PF,1617600854
211,Port Alfred,-33.5906,26.891,67.17,89,100,13.62,ZA,1617600854
212,Nyurba,63.2842,118.3319,6.35,76,98,8.25,RU,1617600854
213,Tocopilla,-22.092,-70.1979,68.58,73,91,5.5,CL,1617600713
214,Uddevalla,58.3478,11.9424,32.0,47,36,13.8,SE,1617600855
215,Batī,11.1833,40.0167,72.14,48,40,3.6,ET,1617600856
216,Bonavista,48.6499,-53.1147,37.4,100,100,4.61,CA,1617600856
217,Neuquén,-38.9516,-68.0591,71.6,64,0,2.3,AR,1617600856
218,Ossora,59.2353,163.0719,22.05,87,99,8.28,RU,1617600857
219,Kruisfontein,-34.0033,24.7314,64.0,95,100,1.01,ZA,1617600857
220,Zanjān,36.6736,48.4787,50.0,43,0,4.61,IR,1617600858
221,Vila Velha,-20.3297,-40.2925,73.4,88,75,4.61,BR,1617600858
222,Visnes,59.3556,5.2242,33.01,80,75,40.29,NO,1617600858
223,Port-Gentil,-0.7193,8.7815,78.8,94,75,3.44,GA,1617600744
224,Bagdarin,54.4333,113.6,31.53,36,72,18.03,RU,1617600859
225,Nuuk,64.1835,-51.7216,27.41,97,100,2.1,GL,1617600859
226,Nanortalik,60.1432,-45.2371,34.29,88,81,4.74,GL,1617600860
227,Matara,5.9485,80.5353,89.83,53,54,9.98,LK,1617600860
228,San Patricio,28.017,-97.5169,68.0,83,75,6.91,US,1617600861
229,Sai Buri,6.7013,101.6168,89.6,66,20,6.91,TH,1617600861
230,Clyde River,70.4692,-68.5914,-18.4,76,1,3.44,CA,1617600861
231,Emporia,38.4039,-96.1817,62.6,67,1,14.97,US,1617600862
232,Finschhafen,-6.6024,147.8681,83.55,76,38,1.97,PG,1617600862
233,Mount Gambier,-37.8333,140.7667,69.8,46,9,13.8,AU,1617600862
234,Cap-aux-Meules,47.3821,-61.8597,35.6,100,100,17.27,CA,1617600863
235,Northam,51.0333,-4.2167,46.0,88,99,11.01,GB,1617600863
236,Port Hueneme,34.1478,-119.1951,55.4,82,1,4.61,US,1617600848
237,College,64.8569,-147.8028,23.0,63,90,21.85,US,1617600864
238,Port Keats,-14.25,129.55,91.58,39,27,8.1,AU,1617600864
239,Laas,46.6166,10.7002,37.0,80,0,4.61,IT,1617600865
240,Bengkulu,-3.8004,102.2655,85.8,61,97,11.77,ID,1617600865
241,Hambantota,6.1241,81.1185,87.8,70,0,6.91,LK,1617600865
242,São José da Tapera,-9.5583,-37.3811,71.37,96,10,3.51,BR,1617600866
243,Coquimbo,-29.9533,-71.3436,55.4,76,0,4.61,CL,1617600866
244,Siavonga,-16.5382,28.7088,72.45,65,0,5.03,ZM,1617600867
245,Bambous Virieux,-20.3428,57.7575,84.99,70,40,14.97,MU,1617600867
246,Ucluelet,48.9329,-125.5528,39.99,85,0,4.9,CA,1617600813
247,Solnechnyy,50.7214,136.6319,41.65,47,46,8.81,RU,1617600868
248,Lompoc,34.6391,-120.4579,50.0,87,100,4.61,US,1617600868
249,Flin Flon,54.7682,-101.865,34.43,90,100,9.73,CA,1617600868
250,Tiznit Province,29.5833,-9.5,52.9,90,37,1.14,MA,1617600869
251,Bichena,10.45,38.2,64.83,41,46,5.77,ET,1617600869
252,Kyaukse,21.6,96.1333,84.2,39,75,3.44,MM,1617600870
253,Duku,11.2361,4.9073,77.85,14,39,4.81,NG,1617600870
254,Kununurra,-15.7667,128.7333,96.8,28,3,10.36,AU,1617600870
255,Prince Rupert,54.3161,-130.3201,41.0,93,90,2.3,CA,1617600653
256,Arraial do Cabo,-22.9661,-42.0278,75.43,67,39,5.7,BR,1617600627
257,Nador,35.174,-2.9287,57.2,88,40,2.3,MA,1617600838
258,Capaccio Paestum,40.4244,15.0809,48.99,54,9,7.0,IT,1617600872
259,Filingué,14.3521,3.3168,75.49,9,0,9.62,NE,1617600872
260,Magistral'nyy,56.1725,107.4458,29.91,73,100,6.93,RU,1617600872
261,Namatanai,-3.6667,152.4333,82.65,74,75,2.71,PG,1617600873
262,Ordynskoye,54.3656,81.8994,40.17,80,96,8.23,RU,1617600873
263,Velsk,61.0701,42.0983,34.48,88,100,10.58,RU,1617600874
264,Petropavlovsk-Kamchatskiy,53.0452,158.6483,37.4,56,75,4.47,RU,1617600874
265,Bathsheba,13.2167,-59.5167,78.8,78,40,16.11,BB,1617600874
266,Hofn,64.2539,-15.2082,18.19,59,2,20.4,IS,1617600875
267,Valparaíso,-33.0393,-71.6273,59.0,80,70,3.44,CL,1617600594
268,Mount Isa,-20.7333,139.5,87.8,35,75,19.57,AU,1617600875
269,Codrington,-38.2667,141.9667,62.04,60,20,11.68,AU,1617600876
270,Kismayo,-0.3582,42.5454,85.46,67,89,8.01,SO,1617600876
271,Santiago del Estero,-27.7951,-64.2615,72.14,66,95,6.87,AR,1617600876
272,Santa Isabel,-23.3156,-46.2214,66.2,82,75,8.05,BR,1617600877
273,Bubaque,11.2833,-15.8333,74.79,75,100,12.15,GW,1617600877
274,Karīmganj,24.8667,92.35,95.88,15,7,4.03,IN,1617600878
275,Partizanskoye,55.5006,94.39,34.68,99,100,3.94,RU,1617600878
276,Fort Nelson,58.8053,-122.7002,42.8,33,75,6.91,CA,1617600803
277,Aripuanã,-9.1667,-60.6333,71.08,97,100,1.81,BR,1617600879
278,Jacareacanga,-6.2222,-57.7528,75.63,86,100,1.54,BR,1617600879
279,Boa Vista,2.8197,-60.6733,77.0,83,75,12.66,BR,1617600617
280,Chipata,-13.6333,32.65,66.96,82,22,5.28,ZM,1617600879
281,Karlskoga,59.3267,14.5239,30.2,93,75,10.36,SE,1617600880
282,Sīrjān,29.452,55.6814,63.16,6,7,6.67,IR,1617600880
283,Vadsø,70.0744,29.7487,35.6,80,90,8.05,NO,1617600881
284,Ancud,-41.8697,-73.8203,55.0,87,20,8.05,CL,1617600881
285,Shiggaon,15.0,75.2333,86.0,39,0,9.22,IN,1617600881
286,Swan River,52.1058,-101.2676,41.0,60,100,6.91,CA,1617600617
287,Albury,-36.0833,146.9167,86.0,45,0,9.22,AU,1617600629
288,Nouakchott,18.0858,-15.9785,75.2,38,20,13.8,MR,1617600882
289,Ouésso,1.6136,16.0517,74.35,85,93,2.91,CG,1617600883
290,Cedar City,37.6775,-113.0619,59.0,11,1,6.91,US,1617600883
291,Kiryat Gat,31.61,34.7642,57.0,71,0,3.44,IL,1617600664
292,Constitución,-35.3333,-72.4167,57.11,86,98,7.94,CL,1617600656
293,Estelle,29.8458,-90.1067,60.01,90,0,4.05,US,1617600884
294,Coahuayana Viejo,18.7333,-103.6833,70.25,76,44,2.53,MX,1617600884
295,French Harbor,16.35,-86.4333,73.99,88,75,4.61,HN,1617600885
296,Salinas,36.6777,-121.6555,53.6,71,1,11.5,US,1617600885
297,Hong Kong,22.2855,114.1577,73.0,79,100,3.0,HK,1617600804
298,Greytown,-29.0642,30.5928,62.38,68,0,2.48,ZA,1617600886
299,Kloulklubed,7.0419,134.2556,84.2,79,75,6.91,PW,1617600886
300,Vakhtan,57.9659,46.6889,32.99,86,67,7.76,RU,1617600887
301,Verkhoyansk,67.5447,133.385,1.08,72,100,3.42,RU,1617600887
302,Labytnangi,66.6572,66.4183,28.8,90,96,3.4,RU,1617600887
303,Zhalantun,48.0,122.7167,51.87,16,73,22.97,CN,1617600888
304,Asău,46.4333,26.4,39.99,49,8,3.98,RO,1617600888
305,Ambon City,-3.6954,128.1814,91.4,58,40,6.91,ID,1617600889
306,Khani,41.9563,42.9566,62.6,51,75,16.11,GE,1617600889
307,Bar Harbor,44.3876,-68.2039,34.0,86,90,10.36,US,1617600889
308,Dombarovskiy,50.7587,59.5386,32.79,83,100,15.9,RU,1617600890
309,Sainte-Maxime,43.3,6.6333,45.0,87,53,2.98,FR,1617600890
310,Laguna,38.421,-121.4238,53.01,71,1,12.66,US,1617600764
311,Kralendijk,12.15,-68.2667,77.0,88,40,9.22,BQ,1617600891
312,Sirte,31.2089,16.5887,70.92,25,44,8.46,LY,1617600891
313,Emerald,-23.5333,148.1667,71.6,94,90,12.66,AU,1617600689
314,Aborlan,9.4352,118.5492,89.6,66,75,11.5,PH,1617600892
315,Aquiraz,-3.9014,-38.3911,81.0,78,40,10.36,BR,1617600892
316,Narsaq,60.9167,-46.05,33.8,93,90,2.3,GL,1617600893
317,Katsuura,35.1333,140.3,55.0,83,100,4.0,JP,1617600893
318,Collierville,35.042,-89.6645,55.4,58,1,5.75,US,1617600642
319,Kidal,18.4411,1.4078,75.78,7,48,6.89,ML,1617600893
320,Knittelfeld,47.2167,14.8167,21.2,79,20,2.3,AT,1617600894
321,Mogadishu,2.0371,45.3438,84.2,70,40,6.91,SO,1617600894
322,Owando,-0.4819,15.8999,73.36,93,76,2.98,CG,1617600895
323,Forsytheganj,52.6333,29.7333,38.05,63,25,10.89,BY,1617600895
324,Bam,29.106,58.357,70.18,12,25,9.1,IR,1617600895
325,Yulara,-25.2406,130.9889,86.0,19,2,12.66,AU,1617600896
326,Mwaya,-9.55,33.95,75.72,79,76,1.92,TZ,1617600896
327,Honningsvåg,70.9821,25.9704,35.11,88,100,21.99,NO,1617600897
328,Miyako,39.6367,141.9525,38.57,94,100,11.03,JP,1617600897
329,Portland,45.5234,-122.6762,45.0,57,1,14.97,US,1617600638
330,Chimala,-8.85,34.0167,69.24,83,50,1.86,TZ,1617600898
331,Hamilton,39.1834,-84.5333,55.0,62,40,6.91,US,1617600733
332,Alyangula,-13.8483,136.4192,85.96,50,52,9.75,AU,1617600898
333,Vidim,56.4088,103.1106,32.52,81,100,3.29,RU,1617600899
334,Kavaratti,10.5669,72.642,82.72,67,68,11.07,IN,1617600899
335,Okha,53.5739,142.9478,25.2,58,3,7.65,RU,1617600900
336,Iwanai,42.9744,140.5089,45.86,44,0,6.11,JP,1617600900
337,Taoudenni,22.6783,-3.9836,77.25,10,85,8.25,ML,1617600901
338,Eilat,29.5581,34.9482,60.8,55,0,13.8,IL,1617600669
339,Manta,-0.95,-80.7333,78.8,78,75,2.3,EC,1617600901
340,Dingle,10.9995,122.6711,89.42,46,62,12.84,PH,1617600902
341,Szigetvár,46.0486,17.8055,35.6,64,0,5.75,HU,1617600902
342,Fukuechō,32.6881,128.8419,59.0,55,40,25.32,JP,1617600903
343,Kungurtug,50.5994,97.5228,39.6,54,2,1.36,RU,1617600903
344,Qingdao,36.0986,120.3719,66.2,18,0,11.18,CN,1617600903
345,Kalianget,-7.05,113.9333,84.81,68,99,7.61,ID,1617600904
346,Sechura,-5.5569,-80.8222,75.34,64,71,7.4,PE,1617600905
347,Balaipungut,1.05,101.2833,91.4,52,20,9.22,ID,1617600905
348,Xuanwu,32.069,118.8138,62.6,29,0,6.71,CN,1617600905
349,Dahuk,36.8695,42.994,58.93,50,1,3.6,IQ,1617600906
350,Huancavelica,-12.7667,-74.9833,37.4,97,100,1.3,PE,1617600906
351,Shenzhen,22.5455,114.0683,75.0,94,100,3.0,CN,1617600907
352,Orotukan,62.2667,151.7,9.03,78,100,4.9,RU,1617600907
353,Gobabis,-22.45,18.9667,69.91,48,8,5.37,NA,1617600907
354,Riyadh,24.6877,46.7219,68.0,17,0,12.66,SA,1617600646
355,Makakilo City,21.3469,-158.0858,73.4,68,1,8.05,US,1617600908
356,Kadaya,50.9327,119.2911,42.35,23,18,18.16,RU,1617600908
357,Ternate,0.8,127.4,84.45,71,34,11.79,ID,1617600909
358,Cabo San Lucas,22.8909,-109.9124,70.0,77,0,1.01,MX,1617600909
359,Edelira,-26.75,-55.2667,66.83,76,100,3.09,PY,1617600909
360,Petrozavodsk,61.7849,34.3469,37.4,75,100,17.9,RU,1617600910
361,Březnice,49.5576,13.9506,41.0,66,21,1.99,CZ,1617600910
362,Half Moon Bay,37.4636,-122.4286,53.01,81,75,10.36,US,1617600911
363,San Jose,37.3394,-121.895,51.8,71,20,10.36,US,1617600823
364,Labuhan,-6.8844,112.2051,87.35,65,89,6.82,ID,1617600911
365,Anda,46.4,125.3167,62.02,19,46,20.71,CN,1617600912
366,Chumikan,54.7183,135.315,31.26,82,36,4.41,RU,1617600912
367,Belen,36.4891,36.2233,48.2,100,75,3.44,TR,1617600680
368,Pacific Grove,36.6177,-121.9166,51.01,84,72,1.99,US,1617600831
369,Domoni,-12.2569,44.5319,82.74,79,90,8.9,KM,1617600913
370,Imeni Poliny Osipenko,52.4201,136.4853,41.67,33,27,5.88,RU,1617600913
371,San Juan,-31.5375,-68.5364,73.15,57,56,8.79,AR,1617600776
372,Aksarka,66.5606,67.7975,28.13,94,100,6.53,RU,1617600914
373,Khovd,48.0056,91.6419,45.66,14,8,4.85,MN,1617600914
374,Bahawalnagar,30.5508,73.3908,96.71,9,99,14.36,PK,1617600915
375,Araouane,18.9048,-3.5265,77.54,8,96,5.21,ML,1617600915
376,Mezen',65.8522,44.24,33.13,93,100,11.25,RU,1617600915
377,Price,39.5994,-110.8107,53.6,22,1,8.05,US,1617600916
378,Port Hardy,50.6996,-127.4199,42.8,81,1,9.22,CA,1617600916
379,Clifton,40.8584,-74.1638,53.6,43,1,9.22,US,1617600916
380,Dovolnoye,54.4958,79.6671,35.17,92,100,13.38,RU,1617600917
381,Praia da Vitória,38.7333,-27.0667,59.0,100,75,8.97,PT,1617600917
382,Vieste,41.8825,16.175,37.4,87,0,8.05,IT,1617600918
383,Tieli,46.95,128.05,61.45,19,53,19.93,CN,1617600918
384,Basoko,1.2391,23.616,75.51,81,96,5.75,CD,1617600918
385,Margate,51.3813,1.3862,46.99,71,86,5.01,GB,1617600919
386,Leshukonskoye,64.8989,45.7622,32.47,92,100,10.31,RU,1617600920
387,Takāb,36.4009,47.1133,46.78,41,0,5.32,IR,1617600920
388,Ola,59.5833,151.2833,23.34,58,100,2.55,RU,1617600920
389,Buloh Kasap,2.5536,102.764,82.4,78,40,6.91,MY,1617600921
390,Cherskiy,68.75,161.3,-0.92,94,46,6.4,RU,1617600921
391,Port Blair,11.6667,92.75,85.24,65,15,10.78,IN,1617600922
392,Le Port,-20.9373,55.2919,86.0,58,0,11.5,RE,1617600922
393,Coloncito,8.3256,-72.0895,74.19,89,98,1.83,VE,1617600922
394,Montluçon,46.3333,2.6,36.52,90,4,5.03,FR,1617600734
395,Balezino,57.9796,53.0106,30.4,97,67,7.94,RU,1617600923
396,Sørland,67.667,12.6934,35.89,65,80,17.85,NO,1617600923
397,Soyo,-6.1349,12.3689,80.53,81,100,3.11,AO,1617600924
398,Preeceville,51.95,-102.6677,39.45,80,100,8.46,CA,1617600924
399,Two Rivers,44.1539,-87.5693,51.8,54,1,10.36,US,1617600925
400,Ürümqi,43.801,87.6005,57.2,30,0,2.24,CN,1617600925
401,Springbok,-29.6643,17.8865,63.41,67,0,3.15,ZA,1617600926
402,Awjilah,29.1081,21.2869,69.85,11,48,14.85,LY,1617600926
403,Weihe,32.9952,105.3247,52.0,75,99,7.05,CN,1617600926
404,Kavieng,-2.5744,150.7967,82.04,76,82,4.38,PG,1617600927
405,Te Anau,-45.4167,167.7167,53.71,66,95,6.04,NZ,1617600927
406,Maragogi,-9.0122,-35.2225,77.27,79,11,8.46,BR,1617600927
407,Tūkrah,32.5341,20.5791,72.81,19,99,23.67,LY,1617600928
408,Assiniboia,49.6334,-105.9845,46.4,46,100,13.8,CA,1617600822
409,Chiang Kham,19.5233,100.3,73.99,99,100,3.71,TH,1617600928
410,Tomakomai,42.6369,141.6033,51.8,37,20,20.71,JP,1617600929
411,Iquique,-20.2208,-70.1431,68.0,68,0,4.61,CL,1617600647
412,Amazar,53.858,120.875,36.36,37,39,14.74,RU,1617600930
413,Yamada,39.4667,141.95,39.11,92,100,12.03,JP,1617600930
414,Lere,10.387,8.5726,72.36,17,6,4.36,NG,1617600846
415,Krasnoborsk,61.5598,45.934,34.7,82,96,9.4,RU,1617600931
416,Zanzibar,-6.1639,39.1979,80.6,89,75,11.5,TZ,1617600931
417,Bacolod City,10.6667,122.95,87.62,52,49,17.0,PH,1617600932
418,Ivanjica,43.5803,20.2311,39.2,100,75,1.14,RS,1617600932
419,At-Bashi,41.1702,75.8106,38.95,64,94,2.19,KG,1617600932
420,Tuatapere,-46.1333,167.6833,55.99,62,96,18.01,NZ,1617600933
421,Arrondissement de Nogent-le-Rotrou,48.3333,1.0,33.01,100,51,6.91,FR,1617600933
422,Conde,-7.2597,-34.9075,77.0,88,0,4.61,BR,1617600934
423,Mil'kovo,54.7167,158.6167,34.02,69,93,7.14,RU,1617600934
424,Goundam,16.4145,-3.6708,77.5,7,9,6.49,ML,1617600934
425,Vung Tau,10.346,107.0843,85.96,64,51,21.45,VN,1617600935
426,Mayo,38.8876,-76.5119,57.2,41,1,10.36,US,1617600935
427,Örnsköldsvik,63.2909,18.7153,32.0,64,20,18.41,SE,1617600936
428,Berlevåg,70.8578,29.0864,35.65,86,100,17.72,NO,1617600936
429,Xining,36.6167,101.7667,52.99,26,0,3.13,CN,1617600937
430,San Felipe,10.3399,-68.7425,72.28,94,97,2.8,VE,1617600937
431,Wagga Wagga,-35.1167,147.3667,84.99,37,0,3.44,AU,1617600938
432,Leningradskiy,69.3833,178.4167,4.78,92,100,2.39,RU,1617600938
433,Phibun Mangsahan,15.2447,105.2291,93.0,58,40,4.61,TH,1617600938
434,Shetpe,44.1667,52.1167,57.11,46,16,19.71,KZ,1617600939
435,Coyhaique,-45.5752,-72.0662,49.48,90,100,2.1,CL,1617600939
436,Agüimes,27.9054,-15.4461,63.0,63,20,6.91,ES,1617600908
437,Hede,33.7681,120.2517,57.15,32,79,7.27,CN,1617600940
438,Carutapera,-1.195,-46.02,76.32,94,100,7.36,BR,1617600940
439,Senador José Porfírio,-2.5908,-51.9542,73.53,98,72,2.42,BR,1617600941
440,Jalu,29.0331,21.5482,69.08,11,44,14.83,LY,1617600941
441,Thunder Bay,48.4001,-89.3168,42.8,65,75,16.11,CA,1617600942
442,Oruzgan,32.8333,66.0,66.15,16,26,12.55,AF,1617600942
443,Teya,60.3778,92.6267,37.11,87,100,8.23,RU,1617600942
444,Raychikhinsk,49.7838,129.4121,47.14,50,100,15.55,RU,1617600943
445,Yumen,40.2833,97.2,56.32,25,99,12.55,CN,1617600943
446,Dengzhou,37.8086,120.7508,53.65,45,38,10.27,CN,1617600944
447,Atambua,-9.1061,124.8925,75.56,85,100,9.17,ID,1617600944
448,Deputatsky,69.3,139.9,1.72,87,100,3.44,RU,1617600945
449,La Rioja,42.25,-2.5,42.01,87,0,6.91,ES,1617600945
450,Frolovo,49.7713,43.6622,37.99,89,100,3.0,RU,1617600945
451,Sambava,-14.2667,50.1667,82.08,70,81,4.36,MG,1617600946
452,Tirumullaivāsal,11.2333,79.8333,91.02,55,4,11.32,IN,1617600946
453,Akhtubinsk,48.2795,46.1722,38.25,94,100,13.51,RU,1617600947
454,Kostomuksha,64.571,30.5767,31.62,95,100,14.65,RU,1617600947
455,Agadez,19.75,10.25,70.38,11,0,6.6,NE,1617600947
456,Kitob,39.0843,66.8332,50.0,57,0,4.61,UZ,1617600948
457,Vallenar,-28.5708,-70.7581,61.23,77,0,1.28,CL,1617600908
458,Ust-Nera,64.5667,143.2,14.05,74,100,7.2,RU,1617600948
459,Rabo de Peixe,37.8,-25.5833,59.0,88,75,11.5,PT,1617600949
460,Hualmay,-11.0964,-77.6139,69.75,85,25,8.63,PE,1617600668
461,Mandeville,18.0417,-77.5071,78.8,73,75,10.36,JM,1617600949
462,Ambilobe,-13.2,49.05,82.24,73,99,2.44,MG,1617600950
463,Maşyāf,35.0653,36.3406,53.6,58,0,6.91,SY,1617600950
464,Maţāy,28.419,30.7792,67.5,18,0,8.34,EG,1617600950
465,Tsimmerbude,54.675,20.1347,39.99,81,20,13.42,RU,1617600951
466,Dalianwan,39.0286,121.695,64.4,29,0,11.18,CN,1617600951
467,Chalchihuites,23.4833,-103.8833,53.37,66,100,6.8,MX,1617600952
468,Ilhabela,-23.7781,-45.3581,71.71,84,45,3.78,BR,1617600952
469,Kharhiāl,20.2833,82.7667,100.06,9,0,7.34,IN,1617600953
470,Tottori-shi,35.5,134.2333,53.6,50,40,14.97,JP,1617600953
471,Yerofey Pavlovich,53.9667,121.9667,35.51,49,29,14.45,RU,1617600953
472,Pittsburg,38.028,-121.8847,51.8,71,1,10.36,US,1617600954
473,Shimoda,34.6667,138.95,57.2,94,75,25.32,JP,1617600954
474,Buala,-8.145,159.5921,84.58,71,91,3.76,SB,1617600955
475,Yerbogachën,61.2767,108.0108,13.89,67,24,0.67,RU,1617600955
476,Matagami,49.7502,-77.6328,28.4,93,20,5.75,CA,1617600955
477,Diamantino,-14.4086,-56.4461,72.27,91,98,2.48,BR,1617600956
478,Natal,-5.795,-35.2094,78.8,83,20,9.22,BR,1617600956
479,Puerto Colombia,10.9878,-74.9547,77.0,88,20,11.5,CO,1617600956
480,Korla,41.7597,86.1469,59.29,13,89,6.71,CN,1617600957
481,Brae,60.3964,-1.353,32.0,69,40,31.07,GB,1617600957
482,Mayor Pablo Lagerenza,-19.9309,-60.7718,71.31,88,88,2.75,PY,1617600958
483,Słupsk,54.4641,17.0287,41.74,77,100,22.5,PL,1617600958
484,Kondoa,-4.9,35.7833,66.76,81,100,3.31,TZ,1617600958
485,Turan,16.0678,108.2208,89.6,55,20,5.75,VN,1617600804
486,Kenora,49.8167,-94.4337,44.6,45,75,8.05,CA,1617600959
487,Vengerovo,55.6848,76.7471,33.85,91,100,12.82,RU,1617600959
488,Ust'-Barguzin,53.45,108.9833,35.01,73,53,6.46,RU,1617600960
489,Biak,-0.9131,122.8766,85.69,65,81,3.71,ID,1617600960
490,Petrovskoye,57.0104,39.2693,34.83,81,94,11.34,RU,1617600961
491,Yar-Sale,66.8333,70.8333,32.81,100,100,7.34,RU,1617600961
492,Danané,7.2596,-8.155,69.89,99,40,2.15,CI,1617600961
493,Tyup,42.7276,78.3648,41.76,77,98,5.53,KG,1617600962
494,Puerto del Rosario,28.5004,-13.8627,60.8,67,20,8.05,ES,1617600962
495,Biltine,14.5333,20.9167,80.53,10,18,15.86,TD,1617600963
496,Pita,10.8333,-12.5833,72.21,76,19,0.76,GN,1617600963
497,Butterworth,5.3991,100.3638,89.6,66,40,6.91,MY,1617600963
498,Lata,40.1629,-8.3327,52.0,88,0,4.32,PT,1617600964
499,Zahirābād,17.6833,77.6167,98.33,10,69,10.58,IN,1617600965
500,Río Gallegos,-51.6226,-69.2181,33.8,80,0,9.22,AR,1617600735
501,Cacoal,-11.4386,-61.4472,71.69,98,100,3.62,BR,1617600965
502,Provincia di Taranto,40.6167,17.25,48.0,61,1,9.71,IT,1617600966
503,Santa Flavia,38.085,13.5351,57.99,80,96,3.0,IT,1617600966
504,Kupang,-10.1667,123.5833,74.57,87,100,29.68,ID,1617600966
505,Bāsār,27.9833,94.6667,82.4,44,75,5.75,IN,1617600967
506,Pimentel,-6.8367,-79.9342,71.01,81,92,1.01,PE,1617600967
507,Prado,-17.3411,-39.2208,72.57,89,15,5.37,BR,1617600968
508,Manacapuru,-3.2997,-60.6206,77.0,94,0,1.14,BR,1617600968
509,Winnemucca,40.973,-117.7357,53.6,26,1,9.22,US,1617600968
510,Kardamena,36.7814,27.1425,60.8,77,20,20.71,GR,1617600969
511,Pedernales,18.0384,-71.744,76.26,77,85,3.11,DO,1617600969
512,Sabancuy,18.9667,-91.1833,71.47,82,60,11.48,MX,1617600970
513,Port Hedland,-20.3167,118.5667,98.6,16,37,14.97,AU,1617600970
514,Trat,12.5,102.5,91.4,49,20,6.91,TH,1617600971
515,Iringa,-7.7667,35.7,64.4,88,75,4.05,TZ,1617600971
516,Karpathos,35.507,27.2132,64.4,77,100,3.44,GR,1617600972
517,Kurumkan,54.3,110.3,36.77,47,75,9.69,RU,1617600972
518,Palmerston North,-40.35,175.6167,66.0,79,99,3.0,NZ,1617600763
519,Rosehearty,57.697,-2.1132,28.99,79,100,1.99,GB,1617600973
520,Erenhot,43.6475,111.9767,53.42,9,99,3.06,CN,1617600802
521,Sungai Raya,0.7,108.9,87.48,58,79,9.73,ID,1617600973
522,Bawku,11.0616,-0.2417,84.07,12,68,4.36,GH,1617600920
523,Westport,41.1415,-73.3579,51.8,40,1,9.22,US,1617600974
524,Pak Phanang,8.3511,100.202,91.0,74,40,6.91,TH,1617600974
525,Manacor,39.5696,3.2096,48.99,93,20,3.44,ES,1617600975
526,Verkhnevilyuysk,63.4453,120.3167,5.4,76,100,7.99,RU,1617600975
527,Bilma,18.6853,12.9164,72.84,10,0,6.53,NE,1617600976
528,North Bend,43.4065,-124.2243,44.6,70,1,14.97,US,1617600976
529,Atar,20.5169,-13.0499,74.01,14,20,9.26,MR,1617600976
530,Yangi Marg`ilon,40.4272,71.7189,53.6,62,75,0.51,UZ,1617600977
531,Javorník,50.3908,17.0027,39.99,58,4,5.99,CZ,1617600977
532,Wattegama,6.7989,81.4808,87.8,70,0,6.91,LK,1617600977
533,Gweta,-20.1833,25.2333,71.94,57,0,8.63,BW,1617600978
534,Gizo Government Station,-8.103,156.8419,84.76,73,78,5.03,SB,1617600978
535,Barra do Garças,-15.89,-52.2567,72.43,86,31,3.29,BR,1617600979
536,Puerto Escondido,15.85,-97.0667,77.77,76,29,4.47,MX,1617600979
537,Malé,4.1748,73.5089,89.6,66,20,10.36,MV,1617600979
538,Novobirilyussy,56.9514,90.6661,42.35,85,100,5.84,RU,1617600980
539,Khandyga,62.6667,135.6,7.43,72,75,3.62,RU,1617600980
540,Hereford,52.0568,-2.7148,43.0,78,100,1.01,GB,1617600981
541,Dongsheng,39.8161,109.9776,37.83,91,99,12.82,CN,1617600981
542,Meulaboh,4.1363,96.1285,85.3,64,96,5.12,ID,1617600981
543,San Ignacio,17.1561,-89.0714,71.6,88,40,0.76,BZ,1617600982
544,Mikkeli,61.6886,27.2723,37.4,87,90,11.5,FI,1617600982
545,Armizonskoye,55.9461,67.6736,33.53,100,100,9.44,RU,1617600983
546,Nabire,-3.3667,135.4833,88.0,62,23,5.68,ID,1617600983
547,Vanimo,-2.6741,141.3028,83.95,77,75,5.26,PG,1617600983
548,Santa Maria,-29.6842,-53.8069,67.14,76,50,5.3,BR,1617600984
549,Xapuri,-10.6517,-68.5044,71.55,99,92,1.99,BR,1617600984
550,Omsukchan,62.5333,155.8,7.61,73,100,5.59,RU,1617600985
551,Caravelas,-17.7125,-39.2481,74.79,81,29,5.5,BR,1617600985
552,Hammond,41.5834,-87.5,62.6,55,1,9.22,US,1617600985
553,Chapais,49.7834,-74.8492,26.6,80,1,6.91,CA,1617600986
554,Ponferrada,42.5466,-6.5962,46.0,80,0,1.01,ES,1617600986
555,Havre-St-Pierre,50.2334,-63.5986,39.2,100,90,11.5,CA,1617600987
556,Bang Saphan,11.2126,99.5117,89.6,70,40,8.05,TH,1617600987
557,Kalmunai,7.4167,81.8167,86.77,60,29,4.97,LK,1617600987
558,Hämeenlinna,60.996,24.4643,37.4,93,90,14.97,FI,1617600988
559,Muros,42.7762,-9.0603,48.0,77,0,3.0,ES,1617600988
560,Jennings,38.7192,-90.2604,63.0,55,1,4.61,US,1617600989
561,Aitape,-3.1374,142.3475,84.6,77,91,5.86,PG,1617600989
562,Būndi,25.4417,75.6417,100.33,12,8,9.51,IN,1617600989
563,Vanavara,60.34,102.2797,22.66,89,99,8.55,RU,1617600990
564,Plaridel,14.8872,120.8572,95.0,55,20,6.91,PH,1617600990
565,Birjand,32.8663,59.2211,57.2,19,0,4.61,IR,1617600991
566,Camacha,33.0833,-16.3333,59.0,77,40,3.44,PT,1617600991
567,Madarounfa,13.3087,7.156,74.07,10,7,8.86,NE,1617600992
568,Merauke,-8.4667,140.3333,84.47,68,46,6.35,ID,1617600992
569,Alta Floresta,-9.8756,-56.0861,71.28,95,100,2.39,BR,1617600992
570,Anjiang,27.3194,110.1031,51.98,91,100,2.42,CN,1617600993
571,Necochea,-38.5473,-58.7368,57.99,94,0,1.99,AR,1617600993
572,Seymour,38.9592,-85.8903,55.0,66,68,5.64,US,1617600993
573,Teguise,29.0605,-13.564,62.6,77,40,4.61,ES,1617600994
574,Evensk,61.95,159.2333,17.38,62,100,17.05,RU,1617600994
